"author","title category","title","date","page"
"u'Brad Sylvester',","u'Our World',","u'10 Hot Spots Where Global Conflict Could Erupt',","u'February 16, 2017',",1
" u'Jana Louise Smit',"," u'History',"," u'10 Amazing Archaeological Finds Made By Scans',"," u'February 16, 2017',",1
" u'Ian Montgomery',"," u'Health',"," u'10 Mutant Genes That Could Make You Superhuman',"," u'February 16, 2017',",1
" u'Morris M.',"," u'Books',"," u'10 Dystopian Books You Need To Read To Understand Today's America',"," u'February 15, 2017',",1
" u'Elizabeth Yetter',"," u'History',"," u'10 Horrors Of The Great Plague Of London',"," u'February 15, 2017',",1
" u'Shannon Quinn',"," u'Animals',"," u'10 Incredible Pets That Returned Home After Years Of Being Lost',"," u'February 15, 2017',",1
" u'Elizabeth Yetter',"," u'Pop Culture',"," u'10 Fascinating Facts About The Wild West Shows',"," u'February 14, 2017',",1
" u'Geordie McElroy',"," u'Mysteries',"," u'Top 10 Mysteries Of The Phoenicians',"," u'February 14, 2017',",1
" u'Mark Oliver',"," u'History',"," u'10 Bizarre Facts About Lupercalia, The Original St Valentine's Day',"," u'February 14, 2017',",1
" u'Mark Oliver',"," u'History',"," u'10 Truly Disgusting Facts About Ancient Roman Life',"," u'August 23, 2016',",1
" u'Marcus Lowth',"," u'Weird Stuff',"," u'10 Alleged Discoveries That Suggest Giants Existed',"," u'May 7, 2016',",1
" u'David Tormsen',"," u'Space',"," u'10 Hypothetical Forms Of Life',"," u'July 17, 2015',",1
" u'Leonius',"," u'Creepy',"," u'10 Creepypasta That Will Scare You Silly',"," u'April 3, 2014',",1
" u'GCchange',"," u'Crime',"," u'10 Poisons Used To Kill People',"," u'December 2, 2012',",1
" u'Jamie Frater'"," u'Weird Stuff'"," u'Top 10 Incredible Recordings'"," u'July 15, 2007'",1
"u'Mark Oliver',","u'History',","u'10 Defining Moments In The Childhood Of Martin Luther King Jr.',","u'February 13, 2017',",2
" u'Adam R. Ramos',"," u'Crime',"," u'Top 10 Dreadful Accounts Of Women Condemned To The Gallows',"," u'February 13, 2017',",2
" u'Jana Louise Smit',"," u'Our World',"," u'10 Mysterious Discoveries That Still Puzzle Archaeologists',"," u'February 13, 2017',",2
" u'Mark Oliver',"," u'Pop Culture',"," u'10 Celebrities With Backstories You Won't Believe',"," u'February 12, 2017',",2
" u'Jana Louise Smit',"," u'History',"," u'10 Fascinating Cave Finds That Will Blow Your Mind',"," u'February 12, 2017',",2
" u'Geordie McElroy',"," u'Mysteries',"," u'10 Incredible Mysteries Of Ancient Ireland',"," u'February 12, 2017',",2
" u'Marcus Lowth',"," u'Music',"," u'10 Controversial Songs That Left Their Mark On Pop Culture',"," u'February 11, 2017',",2
" u'Shannon Quinn',"," u'Weird Stuff',"," u'10 Vintage Educational Films About Sex',"," u'February 11, 2017',",2
" u'Jana Louise Smit',"," u'Creepy',"," u'Top 10 Remarkable Moments Involving Mummies',"," u'February 11, 2017',",2
" u'Mark Oliver',"," u'History',"," u'10 Truly Disgusting Facts About Ancient Roman Life',"," u'August 23, 2016',",2
" u'Marcus Lowth',"," u'Weird Stuff',"," u'10 Alleged Discoveries That Suggest Giants Existed',"," u'May 7, 2016',",2
" u'David Tormsen',"," u'Space',"," u'10 Hypothetical Forms Of Life',"," u'July 17, 2015',",2
" u'Leonius',"," u'Creepy',"," u'10 Creepypasta That Will Scare You Silly',"," u'April 3, 2014',",2
" u'GCchange',"," u'Crime',"," u'10 Poisons Used To Kill People',"," u'December 2, 2012',",2
" u'Jamie Frater'"," u'Weird Stuff'"," u'Top 10 Incredible Recordings'"," u'July 15, 2007'",2
"u'Geordie McElroy',","u'Crime',","u'10 Cases Of Murder By Suicide',","u'February 10, 2017',",3
" u'Shannon Quinn',"," u'Humans',"," u'10 Psychological Reasons Why People Are Afraid Of Clowns',"," u'February 10, 2017',",3
" u'Marielle Bodenheimer',"," u'Weird Stuff',"," u'10 Incredible Attic Finds That Will Really Surprise You',"," u'February 10, 2017',",3
" u'Mark Oliver',"," u'Religion',"," u'10 Weirdly Specific Gods Your Mythology Class Left Out',"," u'February 9, 2017',",3
" u'R. Hendrix',"," u'Weird Stuff',"," u'10 Outrageous Requests Made To Hotel Concierges',"," u'February 9, 2017',",3
" u'Jana Louise Smit',"," u'History',"," u'10 Surprising Discoveries Involving Ancient Pottery',"," u'February 9, 2017',",3
" u'J.M. Kerr',"," u'Pop Culture',"," u'Top 10 Celebrities Who Lived Double Lives',"," u'February 8, 2017',",3
" u""Bridget O'Ryan"","," u'Creepy',"," u'10 Gruesome Acts Of Self-Torture That Will Horrify You',"," u'February 8, 2017',",3
" u'Mark Oliver',"," u'History',"," u'10 Foreign Fighters Who Helped America Win Its Independence',"," u'February 8, 2017',",3
" u'Mark Oliver',"," u'History',"," u'10 Truly Disgusting Facts About Ancient Roman Life',"," u'August 23, 2016',",3
" u'Marcus Lowth',"," u'Weird Stuff',"," u'10 Alleged Discoveries That Suggest Giants Existed',"," u'May 7, 2016',",3
" u'David Tormsen',"," u'Space',"," u'10 Hypothetical Forms Of Life',"," u'July 17, 2015',",3
" u'Leonius',"," u'Creepy',"," u'10 Creepypasta That Will Scare You Silly',"," u'April 3, 2014',",3
" u'GCchange',"," u'Crime',"," u'10 Poisons Used To Kill People',"," u'December 2, 2012',",3
" u'Jamie Frater'"," u'Weird Stuff'"," u'Top 10 Incredible Recordings'"," u'July 15, 2007'",3
"u'Mark Oliver',"," u'Weird Stuff',","u'10 Incredibly Bizarre Ways People Died In Ancient Greece',","u'February 7, 2017',",4
" u'Eli Long',"," u'Health',"," u'10 Facts About Female Genital Mutilation That Will Horrify You',"," u'February 7, 2017',",4
" u'Elisabeth Sedgwick',"," u'Facts',"," u'10 Amazing Passenger Stories From The Titanic That Need To Be Told',"," u'February 7, 2017',",4
" u'Elizabeth Yetter',"," u'Weird Stuff',"," u'10 Bizarre Martian Reports From The Past',"," u'February 6, 2017',",4
" u'Geordie McElroy',"," u'Animals',"," u'Top 10 Toilet Terrors',"," u'February 6, 2017',",4
" u'Mark Oliver',"," u'Politics',"," u'10 Serious Problems With How We Get The News',"," u'February 6, 2017',",4
" u'Shannon Quinn',"," u'Movies and TV',"," u'10 Disney Propaganda Cartoons From World War II',"," u'February 5, 2017',",4
" u'A. C. Lu',"," u'Facts',"," u'10 Facts About The Kamikaze You Probably Didn't Know',"," u'February 5, 2017',",4
" u'Mark Oliver',"," u'History',"," u'10 Amazing Archaeological Revelations About The Philistines',"," u'February 5, 2017',",4
" u'Mark Oliver',"," u'History',"," u'10 Truly Disgusting Facts About Ancient Roman Life',"," u'August 23, 2016',",4
" u'Marcus Lowth',"," u'Weird Stuff',"," u'10 Alleged Discoveries That Suggest Giants Existed',"," u'May 7, 2016',",4
" u'David Tormsen',"," u'Space',"," u'10 Hypothetical Forms Of Life',"," u'July 17, 2015',",4
" u'Leonius',"," u'Creepy',"," u'10 Creepypasta That Will Scare You Silly',"," u'April 3, 2014',",4
" u'GCchange',"," u'Crime',"," u'10 Poisons Used To Kill People',"," u'December 2, 2012',",4
" u'Jamie Frater'"," u'Weird Stuff'"," u'Top 10 Incredible Recordings'"," u'July 15, 2007'",4
"u'Geordie McElroy',"," u'Mysteries',","u'10 Mysterious Ancient Dances',","u'February 4, 2017',",5
" u'Morris M.',"," u'Our World',"," u'10 Mind-Blowing Things That Happened Last Month',"," u'February 4, 2017',",5
" u'Abraham Rinquist',"," u'Crime',"," u'10 Cold Case Confessions That Will Shock You',"," u'February 4, 2017',",5
" u'Henry Cain',"," u'Our World',"," u'10 Times Meteors Have Impacted History',"," u'February 3, 2017',",5
" u'Mike Floorwalker',"," u'History',"," u'10 Undercover Operations That Just Didn't Work Out',"," u'February 3, 2017',",5
" u'Amanda',"," u'Crime',"," u'10 Real-Life Evil Stepmothers That Will Horrify You',"," u'February 3, 2017',",5
" u'Shannon Quinn',"," u'Movies and TV',"," u'Top 10 North Korean Propaganda Films',"," u'February 2, 2017',",5
" u'Adam R. Ramos',"," u'Crime',"," u'Top 10 Reasons Lizzie Borden Is Guilty Of Murder',"," u'February 2, 2017',",5
" u'Estelle Thurtle',"," u'Mysteries',"," u'10 Astonishing Mysteries From Remote Places',"," u'February 2, 2017',",5
" u'Mark Oliver',"," u'History',"," u'10 Truly Disgusting Facts About Ancient Roman Life',"," u'August 23, 2016',",5
" u'Marcus Lowth',"," u'Weird Stuff',"," u'10 Alleged Discoveries That Suggest Giants Existed',"," u'May 7, 2016',",5
" u'David Tormsen',"," u'Space',"," u'10 Hypothetical Forms Of Life',"," u'July 17, 2015',",5
" u'Leonius',"," u'Creepy',"," u'10 Creepypasta That Will Scare You Silly',"," u'April 3, 2014',",5
" u'GCchange',"," u'Crime',"," u'10 Poisons Used To Kill People',"," u'December 2, 2012',",5
" u'Jamie Frater'"," u'Weird Stuff'"," u'Top 10 Incredible Recordings'"," u'July 15, 2007'",5
"u'Mark Oliver',"," u'Our World',","u'10 Hilarious First Descriptions Of Things We Take For Granted',","u'February 1, 2017',",6
" u'Geordie McElroy',"," u'Crime',"," u'10 Deadly Cases Of Coitus Interruptus',"," u'February 1, 2017',",6
" u'Ian Montgomery',"," u'History',"," u'10 Mundane Jobs That Horrified Our Ancestors',"," u'February 1, 2017',",6
" u'Mark Oliver',"," u'Creepy',"," u'10 Truly Disgusting Facts About Life In Ancient China',"," u'January 31, 2017',",6
" u'Geordie McElroy',"," u'Facts',"," u'10 Secrets Of LSD That Will Blow Your Mind',"," u'January 31, 2017',",6
" u'Sam Dunsmore',"," u'Weird Stuff',"," u'10 Metal Detector Discoveries That Will Truly Amaze You',"," u'January 31, 2017',",6
" u'Estelle Thurtle',"," u'Creepy',"," u'10 Eerie Tales Surrounding Places Where Tragedies Took Place',"," u'January 30, 2017',",6
" u'Geordie McElroy',"," u'Animals',"," u'10 Ghoulish Corpse-Eating Creatures',"," u'January 30, 2017',",6
" u'Radu Alexander',"," u'History',"," u'10 Times The Praetorian Guard Changed The History Of Rome',"," u'January 30, 2017',",6
" u'Mark Oliver',"," u'History',"," u'10 Truly Disgusting Facts About Ancient Roman Life',"," u'August 23, 2016',",6
" u'Marcus Lowth',"," u'Weird Stuff',"," u'10 Alleged Discoveries That Suggest Giants Existed',"," u'May 7, 2016',",6
" u'David Tormsen',"," u'Space',"," u'10 Hypothetical Forms Of Life',"," u'July 17, 2015',",6
" u'Leonius',"," u'Creepy',"," u'10 Creepypasta That Will Scare You Silly',"," u'April 3, 2014',",6
" u'GCchange',"," u'Crime',"," u'10 Poisons Used To Kill People',"," u'December 2, 2012',",6
" u'Jamie Frater'"," u'Weird Stuff'"," u'Top 10 Incredible Recordings'"," u'July 15, 2007'",6
"u'Mark Oliver',"," u'Facts',","u'10 Tragic Facts From The Life Of Queen Victoria',","u'January 29, 2017',",7
" u'Geordie McElroy',"," u'Crime',"," u'10 Gruesome Murders By Fire',"," u'January 29, 2017',",7
" u'A. C. Grimes',"," u'Creepy',"," u'10 Family Secrets That Will Truly Horrify You',"," u'January 29, 2017',",7
" u'Brad Sylvester',"," u'History',"," u'10 Intriguing Cases Of Single Combat',"," u'January 28, 2017',",7
" u'Ben Gazur',"," u'Weird Stuff',"," u'10 Ancient Bog Bodies That Will Amaze You',"," u'January 28, 2017',",7
" u'Alex Hanton',"," u'Crime',"," u'10 Royal Murders That Shocked Medieval Europe',"," u'January 28, 2017',",7
" u'Listverse Staff',"," u'Space',"," u'Video: 10 Reasons We Still Haven't Found Aliens',"," u'January 27, 2017',",7
" u'Mike Floorwalker',"," u'Weird Stuff',"," u'10 Insane Names Parents Tried To Give Their Kids',"," u'January 27, 2017',",7
" u'A. C. Grimes',"," u'Crime',"," u'10 Gruesome Killers With Unsettling Obsessions',"," u'January 27, 2017',",7
" u'Mark Oliver',"," u'History',"," u'10 Truly Disgusting Facts About Ancient Roman Life',"," u'August 23, 2016',",7
" u'Marcus Lowth',"," u'Weird Stuff',"," u'10 Alleged Discoveries That Suggest Giants Existed',"," u'May 7, 2016',",7
" u'David Tormsen',"," u'Space',"," u'10 Hypothetical Forms Of Life',"," u'July 17, 2015',",7
" u'Leonius',"," u'Creepy',"," u'10 Creepypasta That Will Scare You Silly',"," u'April 3, 2014',",7
" u'GCchange',"," u'Crime',"," u'10 Poisons Used To Kill People',"," u'December 2, 2012',",7
" u'Jamie Frater'"," u'Weird Stuff'"," u'Top 10 Incredible Recordings'"," u'July 15, 2007'",7
"u'A. C. Lura',"," u'History',","u'10 Amazing Ways Colors Have Been Significant In History',","u'January 27, 2017',",8
" u'Shannon Quinn',"," u'Animals',"," u'10 Incredible Rescues By Dogs That Will Warm Your Heart',"," u'January 26, 2017',",8
" u'Morris M.',"," u'Crime',"," u'10 Cases Of Wrongful Arrest That Will Blow Your Mind',"," u'January 26, 2017',",8
" u'Benjamin Welton',"," u'History',"," u'10 Alternative Theories That Could Change Your View Of History',"," u'January 26, 2017',",8
" u'Mark Oliver',"," u'History',"," u'10 Details That Make History's Worst Tragedies Even Worse',"," u'January 25, 2017',",8
" u'Adam R. Ramos',"," u'Crime',"," u'10 Accounts Of Evil Servants That Will Terrify You',"," u'January 25, 2017',",8
" u'Estelle Thurtle',"," u'Movies and TV',"," u'10 Answers To Movie Questions You Always Wanted To Know',"," u'January 25, 2017',",8
" u'Mark Oliver',"," u'Animals',"," u'10 Facts About Ancient Egyptian Animals That Will Blow Your Mind',"," u'January 24, 2017',",8
" u'Radu Alexander',"," u'History',"," u'10 Dating Tips From History That Could Improve Your Love Life',"," u'January 24, 2017',",8
" u'Mark Oliver',"," u'History',"," u'10 Truly Disgusting Facts About Ancient Roman Life',"," u'August 23, 2016',",8
" u'Marcus Lowth',"," u'Weird Stuff',"," u'10 Alleged Discoveries That Suggest Giants Existed',"," u'May 7, 2016',",8
" u'David Tormsen',"," u'Space',"," u'10 Hypothetical Forms Of Life',"," u'July 17, 2015',",8
" u'Leonius',"," u'Creepy',"," u'10 Creepypasta That Will Scare You Silly',"," u'April 3, 2014',",8
" u'GCchange',"," u'Crime',"," u'10 Poisons Used To Kill People',"," u'December 2, 2012',",8
" u'Jamie Frater'"," u'Weird Stuff'"," u'Top 10 Incredible Recordings'"," u'July 15, 2007'",8
"u'A. C. Lura',"," u'Food',","u'10 Foods Made From Poop, Vomit, Or Spit. Would You Eat Them?',","u'January 24, 2017',",9
" u'Ronald Eayre',"," u'Pop Culture',"," u'10 Strange Facts About Disneyland That Will Really Surprise You',"," u'January 23, 2017',",9
" u'Geordie McElroy',"," u'Creepy',"," u'10 Mysterious Modern Mummies You've Never Heard Of',"," u'January 23, 2017',",9
" u'Jana Louise Smit',"," u'History',"," u'10 Ancient Reconstructions You Have To See To Believe',"," u'January 23, 2017',",9
" u'Mark Oliver',"," u'History',"," u'10 Stories From The Japanese Surrender That Everyone Should Know',"," u'January 22, 2017',",9
" u'Laura Martisiute',"," u'Facts',"," u'10 Of The Most Epic Typos You Will Ever See',"," u'January 22, 2017',",9
" u'Adam R. Ramos',"," u'Crime',"," u'10 Facts About Charles Manson's Imprisonment That Will Disgust You',"," u'January 22, 2017',",9
" u'Monte L. Richard II',"," u'Facts',"," u'10 Facts About Your Sense Of Touch That Will Really Surprise You',"," u'January 21, 2017',",9
" u'Geordie McElroy',"," u'Mysteries',"," u'10 Fascinating Ivory Artifacts Shrouded In Mystery',"," u'January 21, 2017',",9
" u'Mark Oliver',"," u'History',"," u'10 Truly Disgusting Facts About Ancient Roman Life',"," u'August 23, 2016',",9
" u'Marcus Lowth',"," u'Weird Stuff',"," u'10 Alleged Discoveries That Suggest Giants Existed',"," u'May 7, 2016',",9
" u'David Tormsen',"," u'Space',"," u'10 Hypothetical Forms Of Life',"," u'July 17, 2015',",9
" u'Leonius',"," u'Creepy',"," u'10 Creepypasta That Will Scare You Silly',"," u'April 3, 2014',",9
" u'GCchange',"," u'Crime',"," u'10 Poisons Used To Kill People',"," u'December 2, 2012',",9
" u'Jamie Frater'"," u'Weird Stuff'"," u'Top 10 Incredible Recordings'"," u'July 15, 2007'",9
"u'Benjamin de Vries',"," u'Books',","u'10 Mysterious Books You Will Want To Own',","u'January 21, 2017',",10
" u'Listverse Staff',"," u'Miscellaneous',"," u'Your View: What Is The Worst Movie That Everyone Loves?',"," u'January 21, 2017',",10
" u'Jamie Frater',"," u'Politics',"," u'Top 10 Reasons President Trump Will Be A Great Success',"," u'January 20, 2017',",10
" u'Mark Oliver',"," u'Facts',"," u'10 True Horror Stories Of People Trapped In Caves',"," u'January 20, 2017',",10
" u'Geordie McElroy',"," u'History',"," u'10 Secrets Of Ancient Medicine',"," u'January 20, 2017',",10
" u'Mark Oliver',"," u'Movies and TV',"," u'10 Classic Films That Nearly Starred The Last Actor You'd Expect',"," u'January 19, 2017',",10
" u'Geordie McElroy',"," u'History',"," u'10 Secrets Of The Silk Road',"," u'January 19, 2017',",10
" u'Ann Feeney',"," u'Facts',"," u'10 Little-Known Facts About US Presidents',"," u'January 19, 2017',",10
" u'Ben Gazur',"," u'History',"," u'10 Intriguing Same-Sex Relationships From History',"," u'January 18, 2017',",10
" u'Mark Oliver',"," u'History',"," u'10 Truly Disgusting Facts About Ancient Roman Life',"," u'August 23, 2016',",10
" u'Marcus Lowth',"," u'Weird Stuff',"," u'10 Alleged Discoveries That Suggest Giants Existed',"," u'May 7, 2016',",10
" u'David Tormsen',"," u'Space',"," u'10 Hypothetical Forms Of Life',"," u'July 17, 2015',",10
" u'Leonius',"," u'Creepy',"," u'10 Creepypasta That Will Scare You Silly',"," u'April 3, 2014',",10
" u'GCchange',"," u'Crime',"," u'10 Poisons Used To Kill People',"," u'December 2, 2012',",10
" u'Jamie Frater'"," u'Weird Stuff'"," u'Top 10 Incredible Recordings'"," u'July 15, 2007'",10
"Geordie McElroy',","'Creepy',","10 Crazy Cases Of Corpse Cohabitation',","January 18, 2017',",11
"'Adam R. Ramos',","'Movies and TV',","'10 Lesser-Known Facts About Classic TV Shows',","'January 18, 2017',",11
"'Mark Oliver',","'History',","'10 Great National Heroes Of Our Enemies',","'January 17, 2017',",11
"'Ann Feeney',","'Crime',","'10 Little-Known Murders Attributed To Jack The Ripper',","'January 17, 2017',",11
"'Kyle D',","'Weird Stuff',","'10 Shocking Events That Happened At Conventions',","'January 17, 2017',",11
"'Jana Louise Smit',","'History',","'Top 10 Ancient Rock Art Discoveries',","'January 16, 2017',",11
"'Gary Pullman',","'Animals',","'10 Bizarre Recently Discovered Animal Species',","'January 16, 2017',",11
"'Mike Floorwalker',","'Pop Culture',","'Top 10 Biggest Thefts In The History Of Entertainment',","'January 16, 2017',",11
"'Radu Alexander',","'History',","'Top 10 Tantalizing Facts About Sex In The Middle Ages',","'January 15, 2017',",11
"'Mark Oliver',","'History',","'10 Truly Disgusting Facts About Ancient Roman Life',","'August 23, 2016',",11
"'Marcus Lowth',","'Weird Stuff',","'10 Alleged Discoveries That Suggest Giants Existed',","'May 7, 2016',",11
"'David Tormsen',","'Space',","'10 Hypothetical Forms Of Life',","'July 17, 2015',",11
"'Leonius',","'Creepy',","'10 Creepypasta That Will Scare You Silly',","'April 3, 2014',",11
"'GCchange',","'Crime',","'10 Poisons Used To Kill People',","'December 2, 2012',",11
"Jamie Frater'","Weird Stuff'","Top 10 Incredible Recordings'","July 15, 2007'",11
"T.G. Campbell',","'Crime',","Top 10 Little-Known Facts About Victorian Era Scotland Yard',","January 15, 2017',",12
"'Gary Pullman',","'Weird Stuff',","'10 Recently Discovered Secret Caches',","'January 15, 2017',",12
"'Geordie McElroy',","'History',","'10 Secrets Of The Sarcophagi',","'January 14, 2017',",12
"'Mark Oliver',","'Space',","'10 Tragic Facts About Laika, The First Dog In Space',","'January 14, 2017',",12
"'Estelle Thurtle',","'Movies and TV',","'10 Lesser-Known Facts About Popular Horror Movies',","'January 14, 2017',",12
"'Mark Oliver',","'Animals',","'10 Harrowing Stories Of Man Against Animal',","'January 13, 2017',",12
"'Morris M.',","'Politics',","'10 Ridiculous Politically Correct Versions Of Famous Things',","'January 13, 2017',",12
"'Elizabeth Yetter',","'Creepy',","'10 Evil Houses That No Longer Exist',","'January 13, 2017',",12
"'Gary Pullman',","'Weird Stuff',","'Top 10 Astonishing Lost And Found Objects',","'January 12, 2017',",12
"'Mark Oliver',","'History',","'10 Truly Disgusting Facts About Ancient Roman Life',","'August 23, 2016',",12
"'Marcus Lowth',","'Weird Stuff',","'10 Alleged Discoveries That Suggest Giants Existed',","'May 7, 2016',",12
"'David Tormsen',","'Space',","'10 Hypothetical Forms Of Life',","'July 17, 2015',",12
"'Leonius',","'Creepy',","'10 Creepypasta That Will Scare You Silly',","'April 3, 2014',",12
"'GCchange',","'Crime',","'10 Poisons Used To Kill People',","'December 2, 2012',",12
"Jamie Frater'","Weird Stuff'","Top 10 Incredible Recordings'","July 15, 2007'",12
"Gary Pullman',"," 'Animals',","10 Bizarre Recently Discovered Animal Species',","January 16, 2017',",13
" 'Mike Floorwalker',"," 'Pop Culture',"," 'Top 10 Biggest Thefts In The History Of Entertainment',"," 'January 16, 2017',",13
" 'Radu Alexander',"," 'History',"," 'Top 10 Tantalizing Facts About Sex In The Middle Ages',"," 'January 15, 2017',",13
" 'T.G. Campbell',"," 'Crime',"," 'Top 10 Little-Known Facts About Victorian Era Scotland Yard',"," 'January 15, 2017',",13
" 'Gary Pullman',"," 'Weird Stuff',"," '10 Recently Discovered Secret Caches',"," 'January 15, 2017',",13
" 'Geordie McElroy',"," 'History',"," '10 Secrets Of The Sarcophagi',"," 'January 14, 2017',",13
" 'Mark Oliver',"," 'Space',"," '10 Tragic Facts About Laika, The First Dog In Space',"," 'January 14, 2017',",13
" 'Estelle Thurtle',"," 'Movies and TV',"," '10 Lesser-Known Facts About Popular Horror Movies',"," 'January 14, 2017',",13
" 'Mark Oliver',"," 'Animals',"," '10 Harrowing Stories Of Man Against Animal',"," 'January 13, 2017',",13
" 'Mark Oliver',"," 'History',"," '10 Truly Disgusting Facts About Ancient Roman Life',"," 'August 23, 2016',",13
" 'Marcus Lowth',"," 'Weird Stuff',"," '10 Alleged Discoveries That Suggest Giants Existed',"," 'May 7, 2016',",13
" 'David Tormsen',"," 'Space',"," '10 Hypothetical Forms Of Life',"," 'July 17, 2015',",13
" 'Leonius',"," 'Creepy',"," '10 Creepypasta That Will Scare You Silly',"," 'April 3, 2014',",13
" 'GCchange',"," 'Crime',"," '10 Poisons Used To Kill People',"," 'December 2, 2012',",13
" 'Jamie Frater'"," 'Weird Stuff'"," 'Top 10 Incredible Recordings'"," 'July 15, 2007'",13
"Morris M.',"," 'Politics',","10 Ridiculous Politically Correct Versions Of Famous Things',","January 13, 2017',",14
" 'Elizabeth Yetter',"," 'Creepy',"," '10 Evil Houses That No Longer Exist',"," 'January 13, 2017',",14
" 'Gary Pullman',"," 'Weird Stuff',"," 'Top 10 Astonishing Lost And Found Objects',"," 'January 12, 2017',",14
" 'Mark Oliver',"," 'History',"," '10 Crazy Stories About The Rulers Of Ancient China',"," 'January 12, 2017',",14
" 'Geordie McElroy',"," 'Creepy',"," 'Top 10 Bizarre Witch Burials',"," 'January 12, 2017',",14
" 'Mark Oliver',"," 'History',"," '10 Terrible Things Done By JFK’s Father',"," 'January 11, 2017',",14
" 'Geordie McElroy',"," 'Crime',"," '10 Criminal Hypnotists',"," 'January 11, 2017',",14
" 'Laura Martisiute',"," 'Weird Stuff',"," '10 Crazy Futuristic Predictions',"," 'January 11, 2017',",14
" 'Mark Oliver',"," 'History',"," '10 Facts That Conclusively Prove The Holocaust Really Happened',"," 'January 10, 2017',",14
" 'Mark Oliver',"," 'History',"," '10 Truly Disgusting Facts About Ancient Roman Life',"," 'August 23, 2016',",14
" 'Marcus Lowth',"," 'Weird Stuff',"," '10 Alleged Discoveries That Suggest Giants Existed',"," 'May 7, 2016',",14
" 'David Tormsen',"," 'Space',"," '10 Hypothetical Forms Of Life',"," 'July 17, 2015',",14
" 'Leonius',"," 'Creepy',"," '10 Creepypasta That Will Scare You Silly',"," 'April 3, 2014',",14
" 'GCchange',"," 'Crime',"," '10 Poisons Used To Kill People',"," 'December 2, 2012',",14
" 'Jamie Frater'"," 'Weird Stuff'"," 'Top 10 Incredible Recordings'"," 'July 15, 2007'",14
"Estelle Thurtle',"," 'Movies and TV',","Top 10 Twisted Fan Theories About Children’s Movies',","January 10, 2017',",15
" 'Ben Gazur',"," 'Religion',"," '10 Amazing Underground Temples',"," 'January 10, 2017',",15
" 'Tristan Shaw',"," 'History',"," '10 Crazy Historic Facts About Japan',"," 'January 9, 2017',",15
" 'Gary Pullman',"," 'Weird Stuff',"," '10 Bizarre Secret Laboratories',"," 'January 9, 2017',",15
" 'Mark Oliver',"," 'Politics',"," '10 Deeply Troubling Facts About American Colleges',"," 'January 9, 2017',",15
" 'Geordie McElroy',"," 'Mysteries',"," '10 Mysterious Hidden Texts',"," 'January 8, 2017',",15
" 'Laura Martisiute',"," 'Facts',"," '10 Crazy Forgotten Facts About Henry Ford',"," 'January 8, 2017',",15
" 'Mark Oliver',"," 'History',"," '10 Tragedies That Destroyed The Canadian Inuit Way Of Life',"," 'January 8, 2017',",15
" 'Estelle Thurtle',"," 'Creepy',"," '10 Horrifying Haunted Villages Around The World',"," 'January 7, 2017',",15
" 'Mark Oliver',"," 'History',"," '10 Truly Disgusting Facts About Ancient Roman Life',"," 'August 23, 2016',",15
" 'Marcus Lowth',"," 'Weird Stuff',"," '10 Alleged Discoveries That Suggest Giants Existed',"," 'May 7, 2016',",15
" 'David Tormsen',"," 'Space',"," '10 Hypothetical Forms Of Life',"," 'July 17, 2015',",15
" 'Leonius',"," 'Creepy',"," '10 Creepypasta That Will Scare You Silly',"," 'April 3, 2014',",15
" 'GCchange',"," 'Crime',"," '10 Poisons Used To Kill People',"," 'December 2, 2012',",15
" 'Jamie Frater'"," 'Weird Stuff'"," 'Top 10 Incredible Recordings'"," 'July 15, 2007'",15
"Mark Oliver',"," 'Movies and TV',","10 Insane Sequels That Were Almost Released',","January 7, 2017',",16
" 'Ben Gazur',"," 'History',"," '10 Crazy Sex Facts From Ancient Times',"," 'January 7, 2017',",16
" 'Listverse Staff',"," 'Creepy',"," 'Video: 10 Creepiest Murder Houses You Could Live In',"," 'January 6, 2017',",16
" 'Mark Oliver',"," 'Crime',"," '10 Serial Killers On Why They Did It, In Their Own Words',"," 'January 6, 2017',",16
" 'Gary Pullman',"," 'Health',"," '10 Ways A Hospital Stay Can Make Us Sicker',"," 'January 6, 2017',",16
" 'Jana Louise Smit',"," 'History',"," 'Top 10 Recent Ancient Discoveries Beneath Cities',"," 'January 6, 2017',",16
" 'Mark Oliver',"," 'Misconceptions',"," '10 Historical Misconceptions That Are Actually True',"," 'January 5, 2017',",16
" 'Estelle Thurtle',"," 'Weird Stuff',"," '10 Terrible Events Rumored To Be False Flag Operations',"," 'January 5, 2017',",16
" 'Adam R. Ramos',"," 'Movies and TV',"," '10 Tragic Facts About The Three Stooges',"," 'January 5, 2017',",16
" 'Mark Oliver',"," 'History',"," '10 Truly Disgusting Facts About Ancient Roman Life',"," 'August 23, 2016',",16
" 'Marcus Lowth',"," 'Weird Stuff',"," '10 Alleged Discoveries That Suggest Giants Existed',"," 'May 7, 2016',",16
" 'David Tormsen',"," 'Space',"," '10 Hypothetical Forms Of Life',"," 'July 17, 2015',",16
" 'Leonius',"," 'Creepy',"," '10 Creepypasta That Will Scare You Silly',"," 'April 3, 2014',",16
" 'GCchange',"," 'Crime',"," '10 Poisons Used To Kill People',"," 'December 2, 2012',",16
" 'Jamie Frater'"," 'Weird Stuff'"," 'Top 10 Incredible Recordings'"," 'July 15, 2007'",16
"Lee Drake',"," 'Crime',","10 Historic Serial Killers You Don’t Know',","January 4, 2017',",17
" 'Jane Taylor',"," 'Animals',"," '10 Craziest Living Things Swallowed By Sharks',"," 'January 4, 2017',",17
" 'Abraham Rinquist',"," 'Religion',"," '10 Dark Secrets Of The Sun Cults',"," 'January 4, 2017',",17
" 'Listverse Staff',"," 'Creepy',"," 'Video: 10 Movie Sets That Came With A Real Curse',"," 'January 3, 2017',",17
" 'Mark Oliver',"," 'History',"," '10 Truly Disgusting Facts About Ancient Greek Life',"," 'January 3, 2017',",17
" 'Gary Pullman',"," 'Animals',"," '10 Terrifying Snake Invasions',"," 'January 3, 2017',",17
" 'McMot Matthew',"," 'Crime',"," 'Top 10 Nazi Collaborators Who Were Jews',"," 'January 3, 2017',",17
" 'J.Etta',"," 'Facts',"," '10 Secret Service Facts You Probably Don’t Know',"," 'January 2, 2017',",17
" 'Radu Alexander',"," 'Movies and TV',"," '10 Dark Hollywood Scandals That Are Long Forgotten',"," 'January 2, 2017',",17
" 'Mark Oliver',"," 'History',"," '10 Truly Disgusting Facts About Ancient Roman Life',"," 'August 23, 2016',",17
" 'Marcus Lowth',"," 'Weird Stuff',"," '10 Alleged Discoveries That Suggest Giants Existed',"," 'May 7, 2016',",17
" 'David Tormsen',"," 'Space',"," '10 Hypothetical Forms Of Life',"," 'July 17, 2015',",17
" 'Leonius',"," 'Creepy',"," '10 Creepypasta That Will Scare You Silly',"," 'April 3, 2014',",17
" 'GCchange',"," 'Crime',"," '10 Poisons Used To Kill People',"," 'December 2, 2012',",17
" 'Jamie Frater'"," 'Weird Stuff'"," 'Top 10 Incredible Recordings'"," 'July 15, 2007'",17
"Jana Louise Smit',"," 'History',","10 Tsunamis From Ancient Times That Were Terrifying',","January 2, 2017',",18
" 'Morris M.',"," 'Our World',"," '10 Mind-Blowing Things That Happened Last Month',"," 'January 2, 2017',",18
" 'Shannon Quinn',"," 'Movies and TV',"," 'Top 10 Nazi Propaganda Films',"," 'January 1, 2017',",18
" 'Lee D.',"," 'Our World',"," '10 Fascinating Wonders Of Antarctica',"," 'January 1, 2017',",18
" 'Mike Floorwalker',"," 'History',"," '10 Cool Gadgets That Are Actually Historical',"," 'January 1, 2017',",18
" 'Listverse Staff',"," 'Weird Stuff',"," 'Video: 10 People Who Died After Seeing A UFO',"," 'December 31, 2016',",18
" 'Morris M.',"," 'Weird Stuff',"," '10 Terrifying Predictions For 2017',"," 'December 31, 2016',",18
" 'Elizabeth Yetter',"," 'Creepy',"," '10 Instances Of Medicinal Cannibalism And Vampirism',"," 'December 31, 2016',",18
" 'Brian Tyler Brennglass',"," 'Food',"," '10 Novel Ways Ice Cream Is Being Reinvented',"," 'December 31, 2016',",18
" 'Mark Oliver',"," 'History',"," '10 Truly Disgusting Facts About Ancient Roman Life',"," 'August 23, 2016',",18
" 'Marcus Lowth',"," 'Weird Stuff',"," '10 Alleged Discoveries That Suggest Giants Existed',"," 'May 7, 2016',",18
" 'David Tormsen',"," 'Space',"," '10 Hypothetical Forms Of Life',"," 'July 17, 2015',",18
" 'Leonius',"," 'Creepy',"," '10 Creepypasta That Will Scare You Silly',"," 'April 3, 2014',",18
" 'GCchange',"," 'Crime',"," '10 Poisons Used To Kill People',"," 'December 2, 2012',",18
" 'Jamie Frater'"," 'Weird Stuff'"," 'Top 10 Incredible Recordings'"," 'July 15, 2007'",18
"Gary Pullman',"," 'Crime',","10 Murder Victims Whose Bodies Were Found At Bottoms Of Wells',","December 30, 2016',",19
" 'Ann Feeney',"," 'Travel',"," '10 Of The Most Beautiful Maps Ever Created',"," 'December 30, 2016',",19
" 'Kyle D',"," 'Our World',"," '10 Things The Internet Blew Out Of Proportion In 2016',"," 'December 30, 2016',",19
" 'A. C. Grimes',"," 'Humans',"," '10 Selfless Heroes Who Made The World A Happier Place',"," 'December 29, 2016',",19
" 'R. Hendrix',"," 'History',"," '10 Frozen Timepieces That Marked Death And Disaster',"," 'December 29, 2016',",19
" 'Benjamin Welton',"," 'Movies and TV',"," 'Top 10 Great Horror Movies You’ve Never Heard Of',"," 'December 29, 2016',",19
" 'Estelle Thurtle',"," 'Music',"," 'Top 10 Insane Conspiracy Theories About Music Stars',"," 'December 28, 2016',",19
" 'J. Raughty',"," 'History',"," '10 Historical Cases Of Forced Tattooing',"," 'December 28, 2016',",19
" 'Jana Louise Smit',"," 'Animals',"," 'Top 10 Discoveries Changing T. Rex Forever',"," 'December 28, 2016',",19
" 'Mark Oliver',"," 'History',"," '10 Truly Disgusting Facts About Ancient Roman Life',"," 'August 23, 2016',",19
" 'Marcus Lowth',"," 'Weird Stuff',"," '10 Alleged Discoveries That Suggest Giants Existed',"," 'May 7, 2016',",19
" 'David Tormsen',"," 'Space',"," '10 Hypothetical Forms Of Life',"," 'July 17, 2015',",19
" 'Leonius',"," 'Creepy',"," '10 Creepypasta That Will Scare You Silly',"," 'April 3, 2014',",19
" 'GCchange',"," 'Crime',"," '10 Poisons Used To Kill People',"," 'December 2, 2012',",19
" 'Jamie Frater'"," 'Weird Stuff'"," 'Top 10 Incredible Recordings'"," 'July 15, 2007'",19
"Aoxue W.',"," 'Our World',","10 Incredible Inventions Inspired By Plants And Animals',","December 27, 2016',",20
" 'Michael Meillarec',"," 'Pop Culture',"," '10 Extreme Post-Apocalyptic Societies',"," 'December 27, 2016',",20
" 'Ann Feeney',"," 'History',"," '10 Male Sex Workers Who Made History',"," 'December 27, 2016',",20
" 'Abraham Rinquist',"," 'Mysteries',"," '10 Mysterious Jade Relics',"," 'December 26, 2016',",20
" 'Mike Floorwalker',"," 'Movies and TV',"," 'Top 10 Least Loved Event Films Of 2016',"," 'December 26, 2016',",20
" 'Gary Pullman',"," 'Food',"," '10 Elaborate Gingerbread Houses',"," 'December 26, 2016',",20
" 'Ben Gazur',"," 'Weird Stuff',"," '10 Bizarre Christmas Cards From The Past',"," 'December 25, 2016',",20
" 'Benjamin Welton',"," 'Creepy',"," '10 Dark Legends Of The Yuletide Season',"," 'December 25, 2016',",20
" 'Edward Wright',"," 'Facts',"," '10 Things You Didn’t Know About The First Christmas',"," 'December 25, 2016',",20
" 'Mark Oliver',"," 'History',"," '10 Truly Disgusting Facts About Ancient Roman Life',"," 'August 23, 2016',",20
" 'Marcus Lowth',"," 'Weird Stuff',"," '10 Alleged Discoveries That Suggest Giants Existed',"," 'May 7, 2016',",20
" 'David Tormsen',"," 'Space',"," '10 Hypothetical Forms Of Life',"," 'July 17, 2015',",20
" 'Leonius',"," 'Creepy',"," '10 Creepypasta That Will Scare You Silly',"," 'April 3, 2014',",20
" 'GCchange',"," 'Crime',"," '10 Poisons Used To Kill People',"," 'December 2, 2012',",20
" 'Jamie Frater'"," 'Weird Stuff'"," 'Top 10 Incredible Recordings'"," 'July 15, 2007'",20
